http://www.pixmania.pt/telefones/telemovel/smartphone-19883-s.html	index
http://www.pixmania.pt/index.html	default
https://www.pixmania.pt/secure/authentication_s.html	authentication_s
http://www.pixmania.pt/fotografia/maquina-fotografica-reflex-e-hibrida-4454-m.html	maquina-fotografica-reflex-e-hibrida-4454-m
http://www.pixmania.pt/fotografia/maquina-fotografica-compacta-e-bridge-4474-m.html	maquina-fotografica-compacta-e-bridge-4474-m
http://www.pixmania.pt/fotografia/maquina-fotografica-instantanea-descartavel-2-m.html	maquina-fotografica-instantanea-descartavel-2-m
http://www.pixmania.pt/fotografia/objectiva-433-m.html	objectiva-433-m
http://www.pixmania.pt/fotografia/acessorios-fototografia-3-m.html	acessorios-fototografia-3-m
http://www.pixmania.pt/camara-de-video-2-c.html	camara-de-video-2-c
http://www.pixmania.pt/camara-de-video/camaras-desportivas-4494-m.html	camaras-desportivas-4494-m
http://www.pixmania.pt/camara-de-video/acessorios-camaras-de-video-7-m.html	acessorios-camaras-de-video-7-m
http://www.pixmania.pt/fotografia/cartao-de-memoria-4-m.html	cartao-de-memoria-4-m
http://www.pixmania.pt/fotografia/moldura-digital-1896-m.html	moldura-digital-1896-m
http://www.pixmania.pt/fotografia/binoculos-e-lentes-3180-m.html	binoculos-e-lentes-3180-m
http://www.pixmania.pt/op_destockage_2014/xx-xx-1376-xx-tagpos-asc-1-12-page-30110-g-commercial.html	xx-xx-1376-xx-tagpos-asc-1-12-page-30110-g-commercial
http://www.pixmania.pt/tv-video/televisor-8-m.html	televisor-8-m
http://www.pixmania.pt/tv-video/videoprojector-1973-m.html	videoprojector-1973-m
http://www.pixmania.pt/tv-video/home-cinema-10-m.html	home-cinema-10-m
http://www.pixmania.pt/tv-video/leitor-dvd-e-blu-ray-9-m.html	leitor-dvd-e-blu-ray-9-m
http://www.pixmania.pt/tv-video/acessorios-tv-video-12-m.html	acessorios-tv-video-12-m
http://www.pixmania.pt/hub_cinemaniac-284-h-commercial.html	hub_cinemaniac-284-h-commercial
http://www.pixmania.pt/informatica/tablet-tatil-3167-m.html	tablet-tatil-3167-m
http://www.pixmania.pt/informatica/computador-portatil-2179-m.html	computador-portatil-2179-m
http://www.pixmania.pt/informatica/computador-de-secretaria-105-m.html	computador-de-secretaria-105-m
http://www.pixmania.pt/informatica/leitor-e-book-3168-m.html	leitor-e-book-3168-m
http://www.pixmania.pt/informatica/monitor-1899-m.html	monitor-1899-m
http://www.pixmania.pt/informatica/periferico-104-m.html	periferico-104-m
http://www.pixmania.pt/informatica/impressora-e-fax-106-m.html	impressora-e-fax-106-m
http://www.pixmania.pt/informatica/armazenamento-101-m.html	armazenamento-101-m
http://www.pixmania.pt/informatica/componente-103-m.html	componente-103-m
http://www.pixmania.pt/informatica/computador-de-secretaria/imac-e-mac-mini-33048-s.html	imac-e-mac-mini-33048-s
http://www.pixmania.pt/informatica-9-c.html	informatica-9-c
http://www.pixmania.pt/telefones/telemovel-25-m.html	telemovel-25-m
http://www.pixmania.pt/telefones/acessorios-telemoveis-27-m.html	acessorios-telemoveis-27-m
http://www.pixmania.pt/objets_connectes-40197-g-commercial.html	objets_connectes-40197-g-commercial
http://www.pixmania.pt/telefones/telefone-fixo-26-m.html	telefone-fixo-26-m
http://www.pixmania.pt/telefones/walkie-talkie-1901-m.html	walkie-talkie-1901-m
http://www.pixmania.pt/gps/gps-1914-m.html	gps-1914-m
http://www.pixmania.pt/gps/gps-desporto-4239-m.html	gps-desporto-4239-m
http://www.pixmania.pt/equipamento-automovel-120-c.html	equipamento-automovel-120-c
http://www.pixmania.pt/car-audio-video/car-audio-2794-m.html	car-audio-2794-m
http://www.pixmania.pt/som/auscultadores-audio-1897-m.html	auscultadores-audio-1897-m
http://www.pixmania.pt/som/colunas-mp3-2757-m.html	colunas-mp3-2757-m
http://www.pixmania.pt/som/hifi-14-m.html	hifi-14-m
http://www.pixmania.pt/som/leitor-mp3-mp4-15-m.html	leitor-mp3-mp4-15-m
http://www.pixmania.pt/som/dictafone-gravador-digital-19-m.html	dictafone-gravador-digital-19-m
http://www.pixmania.pt/som/radio-radio-despertador-17-m.html	radio-radio-despertador-17-m
http://www.pixmania.pt/som/som-dj-1976-m.html	som-dj-1976-m
http://www.pixmania.pt/instrumentos-de-musica-96-c.html	instrumentos-de-musica-96-c
http://www.pixmania.pt/elementos-encastraveis-211-c.html	elementos-encastraveis-211-c
http://www.pixmania.pt/pequeno-electrodomestico/climatizacao-ventilacao-humidificacao-451-m.html	climatizacao-ventilacao-humidificacao-451-m
http://www.pixmania.pt/pequeno-electrodomestico-45-c.html	pequeno-electrodomestico-45-c
http://www.pixmania.pt/grandes-electrodomesticos-46-c.html	grandes-electrodomesticos-46-c
http://www.pixmania.pt/hub_mois_du_blanc-366-h-commercial.html	hub_mois_du_blanc-366-h-commercial
http://www.pixmania.pt/informatica/seguranca-2886-m.html	seguranca-2886-m
http://www.pixmania.pt/jardim-44-c.html	jardim-44-c
http://www.pixmania.pt/jardim/piscina/piscina-11429-s.html	piscina-11429-s
http://www.pixmania.pt/multimedia-e-musica-113-c.html	multimedia-e-musica-113-c
http://www.pixmania.pt/brinquedos-para-menino-112-c.html	brinquedos-para-menino-112-c
http://www.pixmania.pt/brinquedos-para-menina-111-c.html	brinquedos-para-menina-111-c
http://www.pixmania.pt/brinquedos-de-bebe-114-c.html	brinquedos-de-bebe-114-c
http://www.pixmania.pt/ar-livre-108-c.html	ar-livre-108-c
http://www.pixmania.pt/festas-e-disfarces-110-c.html	festas-e-disfarces-110-c
http://www.pixmania.pt/gadgets-figuras-127-c.html	gadgets-figuras-127-c
http://www.pixmania.pt/passeios-e-viagens-24-c.html	passeios-e-viagens-24-c
http://www.pixmania.pt/quarto-decoracao-de-bebe-25-c.html	quarto-decoracao-de-bebe-25-c
http://www.pixmania.pt/refeicao-cadeira-de-papa-27-c.html	refeicao-cadeira-de-papa-27-c
http://www.pixmania.pt/relaxamento-e-despertar-espreguicadeiras-131-c.html	relaxamento-e-despertar-espreguicadeiras-131-c
http://www.pixmania.pt/seguranca-intercomunicadores-128-c.html	seguranca-intercomunicadores-128-c
http://www.pixmania.pt/higiene-26-c.html	higiene-26-c
http://www.pixmania.pt/universo-da-mama-30-c.html	universo-da-mama-30-c
http://www.pixmania.pt/relogios-52-c.html	relogios-52-c
http://www.pixmania.pt/vipix-52-sp.html	vipix-52-sp
http://www.pixmania.pt/services-63-sp.html	services-63-sp
http://www.pixmania.pt/paiement-54-sp.html	paiement-54-sp
http://www.pixmania.pt/livraison-53-sp.html	livraison-53-sp
http://www.pixmania.pt/marchands-partenaires-19-sp.html	marchands-partenaires-19-sp
http://www.pixmania.pt/op_best_deals-36001-ho-commercial.html	op_best_deals-36001-ho-commercial
http://www.pixmania.pt/flash.html	flash
http://www.pixmania.pt/bons-plans-67-sp.html	bons-plans-67-sp
http://www.pixmania.pt/buyers_guides-g.html	buyers_guides-g
http://www.pixmania.pt/telefones-6-c.html	telefones-6-c
http://www.pixmania.pt/telefones/telemovel/smartphone-acer/253-xx-xx-xx-relevance-1-10-page-19883-s.html	253-xx-xx-xx-relevance-1-10-page-19883-s
http://www.pixmania.pt/telefones/telemovel/smartphone-alcatel/645-xx-xx-xx-relevance-1-10-page-19883-s.html	645-xx-xx-xx-relevance-1-10-page-19883-s
http://www.pixmania.pt/telefones/telemovel/smartphone-archos/3098-xx-xx-xx-relevance-1-10-page-19883-s.html	3098-xx-xx-xx-relevance-1-10-page-19883-s
http://www.pixmania.pt/telefones/telemovel/smartphone-blackberry/6663-xx-xx-xx-relevance-1-10-page-19883-s.html	6663-xx-xx-xx-relevance-1-10-page-19883-s
http://www.pixmania.pt/telefones/telemovel/smartphone-bq/92807-xx-xx-xx-relevance-1-10-page-19883-s.html	92807-xx-xx-xx-relevance-1-10-page-19883-s
http://www.pixmania.pt/telefones/telemovel/smartphone-brigmton/100906-xx-xx-xx-relevance-1-10-page-19883-s.html	100906-xx-xx-xx-relevance-1-10-page-19883-s
http://www.pixmania.pt/telefones/telemovel/smartphone-doro/646-xx-xx-xx-relevance-1-10-page-19883-s.html	646-xx-xx-xx-relevance-1-10-page-19883-s
http://www.pixmania.pt/telefones/telemovel/smartphone-energy-sistem/71418-xx-xx-xx-relevance-1-10-page-19883-s.html	71418-xx-xx-xx-relevance-1-10-page-19883-s
http://www.pixmania.pt/telefones/telemovel/smartphone-hisense/16547-xx-xx-xx-relevance-1-10-page-19883-s.html	16547-xx-xx-xx-relevance-1-10-page-19883-s
http://www.pixmania.pt/telefones/telemovel/smartphone-honor/100780-xx-xx-xx-relevance-1-10-page-19883-s.html	100780-xx-xx-xx-relevance-1-10-page-19883-s
http://www.pixmania.pt/telefones/telemovel/smartphone-htc/1899-xx-xx-xx-relevance-1-10-page-19883-s.html	1899-xx-xx-xx-relevance-1-10-page-19883-s
http://www.pixmania.pt/telefones/telemovel/smartphone-huawei/32969-xx-xx-xx-relevance-1-10-page-19883-s.html	32969-xx-xx-xx-relevance-1-10-page-19883-s
http://www.pixmania.pt/telefones/telemovel/smartphone-lg/256-xx-xx-xx-relevance-1-10-page-19883-s.html	256-xx-xx-xx-relevance-1-10-page-19883-s
http://www.pixmania.pt/telefones/telemovel/smartphone-mediacom/62451-xx-xx-xx-relevance-1-10-page-19883-s.html	62451-xx-xx-xx-relevance-1-10-page-19883-s
http://www.pixmania.pt/telefones/telemovel/smartphone-meizu/2936-xx-xx-xx-relevance-1-10-page-19883-s.html	2936-xx-xx-xx-relevance-1-10-page-19883-s
http://www.pixmania.pt/telefones/telemovel/smartphone-microsoft/195-xx-xx-xx-relevance-1-10-page-19883-s.html	195-xx-xx-xx-relevance-1-10-page-19883-s
http://www.pixmania.pt/telefones/telemovel/smartphone-motorola/313-xx-xx-xx-relevance-1-10-page-19883-s.html	313-xx-xx-xx-relevance-1-10-page-19883-s
http://www.pixmania.pt/telefones/telemovel/smartphone-mywigo/100615-xx-xx-xx-relevance-1-10-page-19883-s.html	100615-xx-xx-xx-relevance-1-10-page-19883-s
http://www.pixmania.pt/telefones/telemovel/smartphone-nokia/226-xx-xx-xx-relevance-1-10-page-19883-s.html	226-xx-xx-xx-relevance-1-10-page-19883-s
http://www.pixmania.pt/telefones/telemovel/smartphone-noname/701-xx-xx-xx-relevance-1-10-page-19883-s.html	701-xx-xx-xx-relevance-1-10-page-19883-s
http://www.pixmania.pt/telefones/telemovel/smartphone-prestigio/16032-xx-xx-xx-relevance-1-10-page-19883-s.html	16032-xx-xx-xx-relevance-1-10-page-19883-s
http://www.pixmania.pt/telefones/telemovel/smartphone-samsung/43-xx-xx-xx-relevance-1-10-page-19883-s.html	43-xx-xx-xx-relevance-1-10-page-19883-s
http://www.pixmania.pt/telefones/telemovel/smartphone-sony/49-xx-xx-xx-relevance-1-10-page-19883-s.html	49-xx-xx-xx-relevance-1-10-page-19883-s
http://www.pixmania.pt/telefones/telemovel/smartphone-wiko/96562-xx-xx-xx-relevance-1-10-page-19883-s.html	96562-xx-xx-xx-relevance-1-10-page-19883-s
http://www.pixmania.pt/telefones/telemovel/smartphone-zte/74197-xx-xx-xx-relevance-1-10-page-19883-s.html	74197-xx-xx-xx-relevance-1-10-page-19883-s
http://www.pixmania.pt/telefones/telemovel/smartphone/xx-xx-xx-50-xx-relevance-1-10-page-19883-s.html	xx-xx-xx-50-xx-relevance-1-10-page-19883-s
http://www.pixmania.pt/telefones/telemovel/smartphone/xx-xx-50-100-xx-relevance-1-10-page-19883-s.html	xx-xx-50-100-xx-relevance-1-10-page-19883-s
http://www.pixmania.pt/telefones/telemovel/smartphone/xx-xx-100-150-xx-relevance-1-10-page-19883-s.html	xx-xx-100-150-xx-relevance-1-10-page-19883-s
http://www.pixmania.pt/telefones/telemovel/smartphone/xx-xx-150-200-xx-relevance-1-10-page-19883-s.html	xx-xx-150-200-xx-relevance-1-10-page-19883-s
http://www.pixmania.pt/telefones/telemovel/smartphone/xx-xx-200-250-xx-relevance-1-10-page-19883-s.html	xx-xx-200-250-xx-relevance-1-10-page-19883-s
http://www.pixmania.pt/telefones/telemovel/smartphone/xx-0-xx-xx-relevance-1-10-page-19883-s.html	xx-0-xx-xx-relevance-1-10-page-19883-s
http://www.pixmania.pt/smartphone/samsung-galaxy-s5-preto-16-gb-smartphone/22082447-a.html	22082447-a
http://www.pixmania.pt/smartphone/samsung-galaxy-s5-preto-16-gb-smartphone/all_seller/22082447-a.html	22082447-a_001
http://www.pixmania.pt/smartphone/lg-g3-titanio-16-gb-4g-smartphone/22181506-a.html	22181506-a
http://www.pixmania.pt/smartphone/lg-g3-titanio-16-gb-4g-smartphone/all_seller/22181506-a.html	22181506-a_001
http://www.pixmania.pt/smartphone/samsung-galaxy-s5-branco-smartphone/22083417-a.html	22083417-a
http://www.pixmania.pt/smartphone/samsung-galaxy-s5-branco-smartphone/all_seller/22083417-a.html	22083417-a_001
http://www.pixmania.pt/smartphone/lg-g3-titanio-32-gb-4g-smartphone/22278442-a.html	22278442-a
http://www.pixmania.pt/smartphone/lg-g3-titanio-32-gb-4g-smartphone/all_seller/22278442-a.html	22278442-a_001
http://www.pixmania.pt/smartphone/sony-xperia-m4-aqua-dual-16-gb-4g-preto-smartphone-dual-sim/22612955-a.html	22612955-a
http://www.pixmania.pt/smartphone/sony-xperia-m4-aqua-dual-16-gb-4g-preto-smartphone-dual-sim/all_seller/22612955-a.html	22612955-a_001
http://www.pixmania.pt/smartphone/samsung-galaxy-s6-branco-astral-4g-32-gb-smartphone/22516197-a.html	22516197-a
http://www.pixmania.pt/smartphone/samsung-galaxy-s6-branco-astral-4g-32-gb-smartphone/all_seller/22516197-a.html	22516197-a_001
http://www.pixmania.pt/smartphone/samsung-galaxy-s6-edge-plus-preto-32-gb-4g-smartphone/22807631-a.html	22807631-a
http://www.pixmania.pt/smartphone/samsung-galaxy-s6-edge-plus-preto-32-gb-4g-smartphone/all_seller/22807631-a.html	22807631-a_001
http://www.pixmania.pt/smartphone/samsung-galaxy-s6-edge-dourado-4g-32-gb-smartphone/22639548-a.html	22639548-a
http://www.pixmania.pt/smartphone/samsung-galaxy-s6-edge-dourado-4g-32-gb-smartphone/all_seller/22639548-a.html	22639548-a_001
http://www.pixmania.pt/smartphone/samsung-galaxy-s6-preto-cosmos-4g-32-gb-smartphone/22516199-a.html	22516199-a
http://www.pixmania.pt/smartphone/samsung-galaxy-s6-preto-cosmos-4g-32-gb-smartphone/all_seller/22516199-a.html	22516199-a_001
http://www.pixmania.pt/smartphone/samsung-galaxy-xcover-3-cinzento-escuro-4g-8-gb-smartphone/22596387-a.html	22596387-a
http://www.pixmania.pt/smartphone/samsung-galaxy-xcover-3-cinzento-escuro-4g-8-gb-smartphone/all_seller/22596387-a.html	22596387-a_001
http://www.pixmania.pt/telefones/telemovel/smartphone/xx-xx-xx-xx-relevance-2-10-page-19883-s.html	xx-xx-xx-xx-relevance-2-10-page-19883-s
http://www.pixmania.pt/telefones/telemovel/smartphone/xx-xx-xx-xx-relevance-3-10-page-19883-s.html	xx-xx-xx-xx-relevance-3-10-page-19883-s
http://www.pixmania.pt/telefones/telemovel/smartphone/xx-xx-xx-xx-relevance-4-10-page-19883-s.html	xx-xx-xx-xx-relevance-4-10-page-19883-s
http://www.pixmania.pt/telefones/telemovel/smartphone/xx-xx-xx-xx-relevance-5-10-page-19883-s.html	xx-xx-xx-xx-relevance-5-10-page-19883-s
http://www.pixmania.be/nl/index.html	default_001
http://www.pixmania.be/fr/index.html	default_002
http://www.pixmania.dk/index.html	default_003
http://www.pixmania.de/index.html	default_004
http://www.pixmania.es/index.html	default_005
http://www.pixmania.fr/index.html	default_006
http://www.pixmania.it/index.html	default_007
http://www.pixmania.ie/index.html	default_008
http://www.pixmania.nl/index.html	default_009
http://www.pixmania.no/index.html	default_010
http://www.pixmania.pl/index.html	default_011
http://www.pixmania.fi/index.html	default_012
http://www.pixmania.se/index.html	default_013
http://www.pixmania.co.uk/index.html	default_014
http://www.pixmania.pt/conditions-generales-24-sp.html	conditions-generales-24-sp
http://www.pixmania.pt/conditions-plateforme-26-sp.html	conditions-plateforme-26-sp
http://www.pixmania.pt/cookies-51-sp.html	cookies-51-sp
http://www.pixmania.pt/engagements-58-sp.html	engagements-58-sp
http://www.pixmania.pt/mentions-legales-21-sp.html	mentions-legales-21-sp
http://www.pixmania-pro.com/pt/pt/home.html	home
http://www.pixmania.pt/faq-commande-23-sp.html	faq-commande-23-sp_001
https://www.pixmania.pt/secure/order_subscription_o.html	order_subscription_o
https://www.pixmania.pt/secure/my_orders_s.html	my_orders_s
https://www.pixmania.pt/secure/my_order_cancel_s.html	my_order_cancel_s
http://www.pixmania.pt/faq-accueil-22-sp.html	faq-accueil-22-sp_001
http://www.pixmania.pt/avis-conso-64-sp.html	avis-conso-64-sp
http://www.pixmania.pt/sitemap-8-sp.html	sitemap-8-sp
http://www.pixmania.pt/conditions_offres-96-sp.html	conditions_offres-96-sp
http://pixplace.pixmania.com/	default_015
http://www.facebook.com/Pixmania.Portugal?_fb_noscript=1	pixmania_001
http://www.pixmania.pt/hub-juridique-56-sp.html	hub-juridique-56-sp
